номер;создана;дом;подъезд;квартира;телефон;вид;срочность;состояние;мастер;выполнена;описание
1;2026-09-01 00:08;Лесная 31;6;39;+79483378876;лифт;обычная;закрыта;Фёдоров;2026-09-01 03:52;Застрял лифт
2;2026-09-01 00:13;Лесная 20;2;94;+79047966697;уборка;обычная;закрыта;Соколов;2026-09-01 22:08;Не убран мусор у подъезда
3;2026-09-01 00:15;Заводская 33;6;8;+79695896935;сантехника;обычная;закрыта;Васильев;2026-09-01 20:05;Течёт стояк; вода в подъезде
4;2026-09-01 00:35;Мира 19;1;76;+79117715162;отопление;обычная;закрыта;Козлов;2026-09-01 07:17;Течёт батарея
5;2026-09-01 00:49;Мира 33;2;105;+79304011980;уборка;аварийная;закрыта;Соколов;2026-09-01 01:24;Грязно в лифте
6;2026-09-01 01:09;Полевая 24;5;130;+79266786981;сантехника;обычная;отменена;Кузнецов;;Течёт стояк; вода в подъезде
7;2026-09-01 01:23;Полевая 1;6;161;+79695069920;отопление;плановая;закрыта;Фёдоров;2026-09-04 20:36;Течёт батарея
8;2026-09-01 01:38;Лесная 2;2;81;+79547499525;электрика;плановая;закрыта;Волков;2026-09-01 21:36;Искрит щиток; запах гари
9;2026-09-01 01:58;Садовая 20;5;83;+79834352611;сантехника;плановая;назначена;Петров;;Течёт стояк; вода в подъезде
10;2026-09-01 02:06;Школьная 37;2;72;+79743108359;электрика;плановая;назначена;Волков;;Искрит щиток; запах гари
11;2026-09-01 02:09;Мира 30;2;2;+79564696062;уборка;обычная;назначена;Васильев;;Грязно в лифте
12;2026-09-01 02:29;Мира 35;6;132;+79531941300;прочее;обычная;закрыта;Фёдоров;2026-09-02 13:26;Сломан почтовый ящик
13;2026-09-01 02:43;Лесная 34;4;16;+79860915248;лифт;аварийная;закрыта;Лебедев;2026-09-01 03:01;Лифт не открывает двери
14;2026-09-01 02:51;Садовая 1;5;109;+79796043498;сантехника;обычная;закрыта;Сидоров;2026-09-01 10:50;Течёт кран на кухне
15;2026-09-01 03:07;Речная 3;4;166;+79188752515;электрика;плановая;закрыта;Смирнов;2026-09-08 11:29;Мигает свет
16;2026-09-01 03:26;Северная 9;5;167;+79806192057;электрика;обычная;отменена;Васильев;;Мигает свет
17;2026-09-01 03:28;Заводская 30;4;34;+79033849163;отопление;обычная;выполнена;Фёдоров;2026-09-01 12:17;Холодные батареи
18;2026-09-01 03:39;Заводская 7;4;12;+79598190723;электрика;плановая;закрыта;Волков;2026-09-12 23:39;Не работает розетка
19;2026-09-01 03:58;Полевая 8;5;136;+79017494109;сантехника;плановая;назначена;Петров;;Засор в ванной
20;2026-09-01 04:02;Северная 16;3;143;+79237964596;лифт;аварийная;закрыта;Васильев;2026-09-01 04:17;Лифт не открывает двери
21;2026-09-01 04:05;Речная 10;6;48;+79622177879;электрика;обычная;закрыта;Смирнов;2026-09-01 18:04;Нет света в подъезде
22;2026-09-01 04:14;Мира 27;4;52;+79999434047;отопление;обычная;выполнена;Новиков;2026-09-01 17:36;Холодные батареи
23;2026-09-01 04:33;Школьная 30;2;166;+79980716073;электрика;обычная;закрыта;Смирнов;2026-09-01 21:10;Не работает розетка
24;2026-09-01 04:40;Садовая 12;6;22;+79904205261;уборка;обычная;назначена;Васильев;;Не убран мусор у подъезда
25;2026-09-01 04:43;Речная 38;2;165;+79500556671;сантехника;плановая;новая;;;Нет горячей воды
26;2026-09-01 04:56;Мира 7;5;135;+79855744159;сантехника;обычная;закрыта;Петров;2026-09-01 09:37;Течёт кран на кухне
27;2026-09-01 05:12;Садовая 12;5;77;+79571182596;лифт;аварийная;выполнена;Лебедев;2026-09-01 05:55;Скрежет в лифте
28;2026-09-01 05:18;Северная 12;1;35;+79889651446;электрика;обычная;назначена;Иванов;;Не работает розетка
29;2026-09-01 05:34;Речная 35;5;200;+79157124911;лифт;обычная;закрыта;Васильев;2026-09-02 03:14;Скрежет в лифте
30;2026-09-01 05:38;Садовая 26;3;8;+79388292345;сантехника;обычная;выполнена;Васильев;2026-09-01 23:18;Нет горячей воды
31;2026-09-01 05:52;Мира 31;6;118;+79093013728;прочее;обычная;закрыта;Васильев;2026-09-02 04:11;Сломан почтовый ящик
32;2026-09-01 05:59;Садовая 9;1;128;+79719005938;отопление;обычная;закрыта;Фёдоров;2026-09-02 12:46;Шумит стояк отопления
33;2026-09-01 06:00;Лесная 6;1;105;+79531363751;прочее;обычная;закрыта;Фёдоров;2026-09-03 02:08;Сломан почтовый ящик
34;2026-09-01 06:07;Речная 20;3;95;+79077672704;отопление;обычная;выполнена;Козлов;2026-09-01 17:07;Течёт батарея
35;2026-09-01 06:24;Речная 35;6;8;+79323029682;электрика;обычная;закрыта;Смирнов;2026-09-01 16:20;Нет света в подъезде
36;2026-09-01 06:28;Заводская 29;1;57;+79560036067;отопление;обычная;назначена;Козлов;;Холодные батареи
37;2026-09-01 06:32;Лесная 19;6;89;+79474738405;электрика;обычная;выполнена;Иванов;2026-09-01 11:27;Искрит щиток; запах гари
38;2026-09-01 06:35;Лесная 7;6;131;+79010280703;сантехника;обычная;назначена;Фёдоров;;Течёт стояк; вода в подъезде
39;2026-09-01 06:42;Лесная 25;4;141;+79496142618;уборка;плановая;выполнена;Фёдоров;2026-09-07 13:44;Грязно в лифте
40;2026-09-01 07:00;Полевая 12;5;185;+79567377542;отопление;плановая;назначена;Фёдоров;;Шумит стояк отопления
41;2026-09-01 07:13;Речная 6;6;166;+79153909077;прочее;аварийная;назначена;Васильев;;Не закрывается дверь подъезда
42;2026-09-01 07:25;Речная 6;3;54;+79330229013;сантехника;обычная;закрыта;Петров;2026-09-01 16:10;Засор в ванной
43;2026-09-01 07:43;Школьная 30;3;22;+79291019013;лифт;обычная;закрыта;Васильев;2026-09-01 21:02;Застрял лифт
44;2026-09-01 07:58;Полевая 26;5;2;+79971497631;электрика;плановая;закрыта;Иванов;2026-09-06 13:29;Мигает свет
45;2026-09-01 08:08;Полевая 28;4;113;+79198335053;отопление;аварийная;выполнена;Фёдоров;2026-09-01 09:01;Холодные батареи
46;2026-09-01 08:17;Речная 35;1;75;+79653967679;сантехника;обычная;закрыта;Сидоров;2026-09-02 06:48;Течёт кран на кухне
47;2026-09-01 08:23;Речная 3;6;74;+79334760573;уборка;аварийная;назначена;Соколов;;Не убран мусор у подъезда
48;2026-09-01 08:27;Мира 25;3;74;+79526477883;электрика;плановая;выполнена;Смирнов;2026-09-06 14:10;Искрит щиток; запах гари
49;2026-09-01 08:28;Лесная 1;4;91;+79282802003;электрика;плановая;закрыта;Волков;2026-09-07 14:05;Искрит щиток; запах гари
50;2026-09-01 08:46;Заводская 22;4;186;+79098174437;сантехника;обычная;новая;;;Течёт стояк; вода в подъезде
51;2026-09-01 08:57;Школьная 9;1;125;+79685824020;сантехника;обычная;закрыта;Сидоров;2026-09-02 03:50;Течёт кран на кухне
52;2026-09-01 09:12;Садовая 19;3;66;+79212816577;электрика;обычная;закрыта;Фёдоров;2026-09-01 19:10;Мигает свет
53;2026-09-01 09:22;Речная 38;2;72;+79940599817;прочее;обычная;выполнена;Васильев;2026-09-02 05:07;Покрасить перила
54;2026-09-01 09:31;Речная 13;1;82;+79452665043;сантехника;обычная;выполнена;Фёдоров;2026-09-02 03:16;Течёт стояк; вода в подъезде
55;2026-09-01 09:51;Заводская 6;6;18;+79733181104;электрика;обычная;назначена;Волков;;Мигает свет
56;2026-09-01 10:00;Садовая 10;6;46;+79227602602;прочее;обычная;выполнена;Васильев;2026-09-01 22:19;Не закрывается дверь подъезда
57;2026-09-01 10:07;Школьная 25;2;76;+79166204121;отопление;обычная;назначена;Новиков;;Холодные батареи
58;2026-09-01 10:20;Школьная 1;6;81;+79527315871;электрика;плановая;новая;;;Мигает свет
59;2026-09-01 10:21;Мира 29;2;82;+79287639424;отопление;обычная;закрыта;Фёдоров;2026-09-01 22:13;Течёт батарея
60;2026-09-01 10:28;Садовая 8;1;119;+79902169584;сантехника;обычная;новая;;;Нет горячей воды
