номер;создана;дом;подъезд;квартира;телефон;вид;срочность;состояние;мастер;выполнена;описание
1;2025-03-01 12:55;Садовый 10;1;58;+79221834062;электрика;обычная;закрыта;Соколов;2025-03-02 06:55;Нет света в подъезде
2;2025-03-01 14:51;Садовый 9;1;66;+79537896565;прочее;обычная;закрыта;Петров;2025-03-03 05:51;Покрасить перила
3;2025-03-01 19:50;Мира 29;1;138;+79243285457;электрика;обычная;закрыта;Соколов;2025-03-02 21:50;Нет света в подъезде
4;2025-03-02 06:11;Мира 13;1;180;+79521676060;отопление;обычная;отменена;Иванов;;Радиатор течёт
5;2025-03-02 20:59;Мира 27;1;189;+79453582937;электрика;обычная;новая;;;ЛАМПОЧКА перегорела
6;2025-03-03 20:06;Полевая 22;1;166;+79180241644;сантехника;обычная;закрыта;Соколов;2025-03-05 03:06;Течёт стояк
7;2025-03-04 02:51;Лесная 22;1;40;+79788873340;электрика;обычная;закрыта;Соколов;2025-03-06 02:51;Нет света в подъезде
8;2025-03-04 07:45;Мира 28;1;151;+79353946356;прочее;обычная;отменена;Морозов;;Сломан почтовый ящик
9;2025-03-04 09:43;Лесная 20;1;49;+79778650486;отопление;обычная;закрыта;Иванов;2025-03-04 17:43;Холодные батареи
10;2025-03-05 00:16;Северная 20;1;155;+79640521577;сантехника;обычная;отменена;Соколов;;Течёт кран на кухне
11;2025-03-05 19:30;Северная 13;1;147;+79690801928;лифт;обычная;отменена;Соколов;;Застрял лифт
12;2025-03-05 22:32;Полевая 6;1;96;+79002018415;прочее;обычная;закрыта;Козлов;2025-03-07 14:32;Покрасить перила
13;2025-03-06 11:15;Садовый 7;1;79;+79667642274;лифт;обычная;закрыта;Соколов;2025-03-07 22:15;Застрял лифт
14;2025-03-06 16:27;Садовый 24;1;107;+79276427987;отопление;обычная;отменена;;;Радиатор течёт
15;2025-03-07 01:04;Северная 31;1;129;+79221092417;отопление;обычная;закрыта;Соколов;2025-03-07 15:04;Радиатор течёт
16;2025-03-07 23:23;Лесная 15;1;156;+79086380152;электрика;обычная;отменена;;;Нет света в подъезде
17;2025-03-08 11:30;Садовый 38;1;24;+79422291082;сантехника;обычная;назначена;Васильев;;Течёт кран на кухне
18;2025-03-09 01:13;Мира 37;1;147;+79798617845;прочее;обычная;закрыта;Васильев;2025-03-09 15:13;Покрасить перила
19;2025-03-09 07:18;Мира 27;1;77;+79076679014;отопление;обычная;закрыта;Петров;2025-03-10 18:18;Холодные батареи
20;2025-03-09 12:55;Полевая 36;1;76;+79031121863;отопление;обычная;закрыта;Иванов;2025-03-09 23:55;Радиатор течёт
21;2025-03-10 06:21;Северная 20;1;108;+79434498644;прочее;обычная;закрыта;Васильев;2025-03-10 13:21;Покрасить перила
22;2025-03-10 08:17;Северная 17;1;39;+79394117791;сантехника;обычная;назначена;Васильев;;Течёт стояк
23;2025-03-10 15:57;Северная 31;1;85;+79510711470;сантехника;обычная;закрыта;Иванов;2025-03-12 08:57;Течёт стояк
24;2025-03-10 18:50;Северная 28;1;112;+79055553122;сантехника;обычная;отменена;Иванов;;Течёт кран на кухне
25;2025-03-11 08:57;Полевая 32;1;106;+79832960665;сантехника;обычная;закрыта;Козлов;2025-03-11 14:57;Течёт стояк
26;2025-03-11 22:35;Садовый 23;1;49;+79769273696;электрика;обычная;отменена;Козлов;;Искрит розетка; пахнет гарью
27;2025-03-12 12:47;Северная 3;1;10;+79078966827;электрика;обычная;отменена;Козлов;;ЛАМПОЧКА перегорела
28;2025-03-13 00:00;Мира 4;1;182;+79723106837;сантехника;обычная;отменена;Петров;;Течёт кран на кухне
29;2025-03-13 17:45;Лесная 25;1;135;+79239006937;электрика;обычная;отменена;;;Нет света в подъезде
30;2025-03-14 01:53;Полевая 16;1;149;+79891868269;прочее;обычная;закрыта;Иванов;2025-03-14 20:53;Сломан почтовый ящик
31;2025-03-14 15:32;Лесная 30;1;61;+79240738498;электрика;обычная;закрыта;Соколов;2025-03-16 10:32;ЛАМПОЧКА перегорела
32;2025-03-14 18:12;Мира 29;1;5;+79641205701;электрика;обычная;закрыта;Петров;2025-03-15 00:12;ЛАМПОЧКА перегорела
33;2025-03-15 07:45;Северная 37;1;183;+79078095851;сантехника;обычная;отменена;;;Засор в ванной
34;2025-03-15 18:24;Северная 8;1;147;+79216947463;сантехника;обычная;закрыта;Иванов;2025-03-17 07:24;Течёт стояк
