Дата;Адрес;Телефон;Текст заявки;Исполнитель;Отметка
01.03.2025 12:55;пер. Садовый, д.10, кв. 58;9221834062;Нет света в подъезде;Соколов;выполнено 02.03.2025 06:55
01.03.2025 14:51;пер. Садовый,д. 9,кв. 66;9537896565;Покрасить перила;Петров;выполнено 03.03.2025 05:51
01.03.2025 19:50;пр-т Мира, д. 29, кв. 138;+7 924 3285457;Нет света в подъезде;Соколов;выполнено 02.03.2025 21:50
02.03.2025 06:11;пр-т Мира, д.13, кв. 180;8 (952) 167-60-60;Радиатор течёт;Иванов;отменено
02.03.2025 20:59;пр-т Мира,д.27,кв. 189;8 (945) 358-29-37;ЛАМПОЧКА перегорела;;
31.02.2025 10:00;Полевая, д. 38, кв. 187;8 (995) 243-28-13;Покрасить перила;Петров;отменено
03.03.2025 20:06;Полевая, д. 22, кв. 166;9180241644;Течёт стояк;Соколов;выполнено 05.03.2025 03:06
04.03.2025 02:51;ул. Лесная, д. 22, кв. 40;+7 978 8873340;Нет света в подъезде;Соколов;выполнено 06.03.2025 02:51
04.03.2025 07:45;пр-т Мира, д. 28, кв. 151;8 (935) 394-63-56;Сломан почтовый ящик;Морозов;отменено
04.03.2025 09:43;ул. Лесная, д.20, кв. 49;8 (977) 865-04-86;Холодные батареи;Иванов;выполнено 04.03.2025 17:43
05.03.2025 00:16;ул.Северная, д. 20, кв. 155;9640521577;Течёт кран на кухне;Соколов;отменено
05.03.2025 06:45;Лесная 12;8 (928) 203-21-75;Течёт кран на кухне;Морозов;выполнено 05.03.2025 20:45
05.03.2025 19:30;ул.Северная, д. 13, кв. 147;+7 969 0801928;Застрял лифт;Соколов;отменено
05.03.2025 22:32;Полевая,д. 6,кв. 96;9002018415;Покрасить перила;Козлов;выполнено 07.03.2025 14:32
06.03.2025 11:15;пер. Садовый, д.7, кв. 79;8 (966) 764-22-74;Застрял лифт;Соколов;выполнено 07.03.2025 22:15
06.03.2025 16:27;пер. Садовый, д.24, кв. 107;8 (927) 642-79-87;Радиатор течёт;;отменено
07.03.2025 01:04;ул.Северная, д.31, кв. 129;9221092417;Радиатор течёт;Соколов;выполнено 07.03.2025 15:04
07.03.2025 14:17;пр-т Мира, д.10, кв. 77;8 (916) 123-45;Течёт стояк;Петров;выполнено 08.03.2025 11:17
07.03.2025 23:23;ул. Лесная,д. 15,кв. 156;+7 908 6380152;Нет света в подъезде;;отменено
08.03.2025 11:30;пер. Садовый, д. 38, кв. 24;9422291082;Течёт кран на кухне;Васильев;

09.03.2025 01:13;пр-т Мира,д. 37,кв. 147;+7 979 8617845;Покрасить перила;Васильев;выполнено 09.03.2025 15:13
09.03.2025 07:18;пр-т Мира, д. 27, кв. 77;8 (907) 667-90-14;Холодные батареи;Петров;выполнено 10.03.2025 18:18
09.03.2025 12:55;Полевая, д. 36, кв. 76;+7 903 1121863;Радиатор течёт;Иванов;выполнено 09.03.2025 23:55
09.03.2025 16:34;ул. Лесная, д.28, кв. 145;9261782105;Течёт стояк;Петров;выполнено 01.01.2020 10:00
10.03.2025 06:21;ул.Северная, д. 20, кв. 108;9434498644;Покрасить перила;Васильев;выполнено 10.03.2025 13:21
10.03.2025 08:17;ул.Северная, д.17, кв. 39;8 (939) 411-77-91;Течёт стояк;Васильев;
10.03.2025 15:57;ул.Северная,д.31,кв. 85;+7 951 0711470;Течёт стояк;Иванов;выполнено 12.03.2025 08:57
10.03.2025 18:50;ул.Северная,д.28,кв. 112;9055553122;Течёт кран на кухне;Иванов;отменено
11.03.2025 08:57;Полевая,д.32,кв. 106;+7 983 2960665;Течёт стояк;Козлов;выполнено 11.03.2025 14:57
11.03.2025 13:35;пр-т Мира, д.30, кв. 113;8 (918) 872-80-83;Течёт кран на кухне;Иванов;в работе
11.03.2025 22:35;пер. Садовый,д.23,кв. 49;8 (976) 927-36-96;"Искрит розетка; пахнет гарью";Козлов;отменено
12.03.2025 12:47;ул.Северная,д.3,кв. 10;8 (907) 896-68-27;ЛАМПОЧКА перегорела;Козлов;отменено
13.03.2025 00:00;пр-т Мира, д.4, кв. 182;+7 972 3106837;Течёт кран на кухне;Петров;отменено
13.03.2025 03:56;пер. Садовый,д.10,кв. 40;8 (902) 914-27-37;Сломан почтовый ящик
13.03.2025 17:45;ул. Лесная, д.25, кв. 135;9239006937;Нет света в подъезде;;отменено
14.03.2025 01:53;Полевая, д.16, кв. 149;+7 989 1868269;Сломан почтовый ящик;Иванов;выполнено 14.03.2025 20:53
14.03.2025 15:32;ул. Лесная, д. 30, кв. 61;9240738498;ЛАМПОЧКА перегорела;Соколов;выполнено 16.03.2025 10:32
14.03.2025 18:12;пр-т Мира,д.29,кв. 5;8 (964) 120-57-01;ЛАМПОЧКА перегорела;Петров;выполнено 15.03.2025 00:12
15.03.2025 07:45;ул.Северная,д. 37,кв. 183;+7 907 8095851;Засор в ванной;;отменено
15.03.2025 18:24;ул.Северная,д.8,кв. 147;+7 921 6947463;Течёт стояк;Иванов;выполнено 17.03.2025 07:24
